satellite_name,norad_id,line1,line2,timestamp,observer_lat,observer_lon,observer_alt,radar_range_km,radar_velocity_km_s,radar_cross_section_m2,optical_image_url,sun_angle_deg,moon_angle_deg,brightness,rotation_rate_deg_s,spectral_uv,spectral_visible,spectral_ir
SAT-900,900,1 00900U 20001A   25276.14926608  .0000511  00000+0  12345-3 0  9999,2 00900  59.0000  44.0000 108939 132.000  192.000 9.55188938 39211,2025-10-04T23:30:19.037231Z,9.5676,50.3883,2.55,1014.69,7.46,0.065,https://images-assets.nasa.gov/image/PIA14417/PIA14417~medium.jpg,55.0,1.1,29.2,2.45,0.5,0.15,0.63
SAT-901,901,1 00901U 20001A   25276.57183277  .0000335  00000+0  12345-3 0  9997,2 00901  66.0000  336.0000 726011 142.000  281.000 3.90252380 64046,2025-10-04T22:49:19.037267Z,80.5202,-136.1995,1.85,826.28,7.36,0.022,https://images-assets.nasa.gov/image/PIA04216/PIA04216~small.jpg,41.4,21.8,39.4,4.32,0.39,0.65,0.9
SAT-902,902,1 00902U 20001A   25276.51024540  .0000895  00000+0  12345-3 0  9999,2 00902  25.0000  126.0000 465006 25.000  96.000 0.27662617 51034,2025-10-04T23:19:19.037291Z,-2.1826,141.1866,1.91,583.0,7.67,0.037,https://images-assets.nasa.gov/image/PIA14417/PIA14417~medium.jpg,11.2,74.5,177.1,1.64,0.01,0.91,0.35
SAT-903,903,1 00903U 20001A   25276.65997993  .0000495  00000+0  12345-3 0  9995,2 00903  31.0000  29.0000 058417 57.000  126.000 18.36669863 59722,2025-10-04T23:46:19.037310Z,-30.4288,42.8709,2.79,926.92,7.69,0.016,https://images-assets.nasa.gov/image/GSFC_20171208_Archive_e001465/GSFC_20171208_Archive_e001465~small.jpg,72.5,25.9,5.5,2.36,0.89,0.04,0.55
SAT-904,904,1 00904U 20001A   25276.30080499  .0000309  00000+0  12345-3 0  9991,2 00904  4.0000  143.0000 709197 123.000  193.000 2.24209372 40620,2025-10-04T23:29:19.037329Z,-21.4746,116.4113,4.06,601.34,7.07,0.06,https://images-assets.nasa.gov/image/GSFC_20171208_Archive_e001465/GSFC_20171208_Archive_e001465~small.jpg,37.4,62.5,38.2,0.58,0.46,0.84,0.18
SAT-905,905,1 00905U 20001A   25276.67134893  .0000325  00000+0  12345-3 0  9991,2 00905  38.0000  266.0000 353728 272.000  68.000 10.52794372 95186,2025-10-05T00:32:19.037348Z,78.3242,160.4449,1.96,804.13,7.47,0.076,https://images-assets.nasa.gov/image/PIA14417/PIA14417~medium.jpg,40.2,22.9,9.0,0.38,0.59,0.93,0.27
SAT-906,906,1 00906U 20001A   25276.15659873  .0000233  00000+0  12345-3 0  9998,2 00906  40.0000  183.0000 828682 31.000  08.000 17.67915676 93451,2025-10-04T23:25:19.037366Z,-42.5967,68.5948,0.04,709.19,7.99,0.062,https://images-assets.nasa.gov/image/PIA04220/PIA04220~small.jpg,11.9,9.6,22.0,4.97,0.14,0.12,0.96
SAT-907,907,1 00907U 20001A   25276.62073435  .0000742  00000+0  12345-3 0  9996,2 00907  71.0000  271.0000 284048 325.000  261.000 18.75415657 30126,2025-10-05T00:06:19.037384Z,35.7676,-176.6583,3.16,1110.9,7.24,0.056,https://images-assets.nasa.gov/image/PIA14417/PIA14417~medium.jpg,70.2,56.8,23.7,4.26,0.67,0.64,0.08
SAT-908,908,1 00908U 20001A   25276.11103277  .0000593  00000+0  12345-3 0  9992,2 00908  20.0000  319.0000 594445 136.000  54.000 14.34773134 10094,2025-10-05T00:38:19.037402Z,-78.573,107.8128,1.01,694.38,7.09,0.08,https://images-assets.nasa.gov/image/PIA04216/PIA04216~small.jpg,40.3,9.7,181.6,2.93,0.17,0.52,0.13
SAT-909,909,1 00909U 20001A   25276.65833019  .0000320  00000+0  12345-3 0  9997,2 00909  82.0000  207.0000 467933 322.000  332.000 6.14439611 90563,2025-10-05T00:16:19.037419Z,-15.6438,-159.801,2.79,937.99,7.38,0.072,https://images-assets.nasa.gov/image/PIA04225/PIA04225~medium.jpg,80.3,56.9,133.0,3.6,0.67,0.87,0.38
SAT-910,910,1 00910U 20001A   25276.99970375  .0000326  00000+0  12345-3 0  9993,2 00910  53.0000  253.0000 838333 71.000  300.000 12.53844874 51448,2025-10-04T23:18:19.037437Z,-7.5472,162.7189,3.96,445.63,7.27,0.048,https://images-assets.nasa.gov/image/PIA04216/PIA04216~small.jpg,60.1,80.3,124.1,3.28,0.95,0.55,0.58
SAT-911,911,1 00911U 20001A   25276.86146145  .0000520  00000+0  12345-3 0  9994,2 00911  83.0000  335.0000 103272 347.000  94.000 5.25462895 13411,2025-10-04T23:11:19.037455Z,-22.6391,-116.91,3.57,425.77,7.61,0.026,https://images-assets.nasa.gov/image/PIA04225/PIA04225~medium.jpg,33.3,16.0,61.5,2.45,0.7,0.96,0.26
SAT-912,912,1 00912U 20001A   25276.18574873  .0000491  00000+0  12345-3 0  9994,2 00912  73.0000  33.0000 238299 287.000  172.000 9.74481780 96907,2025-10-05T00:20:19.037472Z,52.5602,80.8543,3.92,977.47,7.12,0.021,https://images-assets.nasa.gov/image/PIA14417/PIA14417~medium.jpg,70.9,23.3,56.8,4.48,0.51,0.68,0.03
SAT-913,913,1 00913U 20001A   25276.81488268  .0000792  00000+0  12345-3 0  9997,2 00913  69.0000  359.0000 998604 165.000  82.000 13.12552776 32720,2025-10-04T23:47:19.037489Z,-24.7108,-116.1713,4.79,889.3,7.53,0.096,https://images-assets.nasa.gov/image/PIA04220/PIA04220~small.jpg,23.8,78.5,74.7,4.03,0.81,0.57,0.66
SAT-914,914,1 00914U 20001A   25276.62082815  .0000860  00000+0  12345-3 0  9993,2 00914  85.0000  147.0000 426725 25.000  114.000 3.71226040 71494,2025-10-05T00:29:19.037506Z,79.8368,68.2858,2.97,634.99,7.89,0.044,https://images-assets.nasa.gov/image/PIA04220/PIA04220~small.jpg,70.2,48.4,178.5,3.42,0.49,0.78,0.82
SAT-915,915,1 00915U 20001A   25276.14450111  .0000772  00000+0  12345-3 0  9998,2 00915  45.0000  239.0000 695019 335.000  138.000 17.95301610 96683,2025-10-04T22:49:19.037524Z,50.7858,-138.1954,4.31,524.48,7.59,0.087,https://images-assets.nasa.gov/image/PIA04220/PIA04220~small.jpg,41.9,69.4,103.2,4.32,0.06,0.88,0.33
SAT-916,916,1 00916U 20001A   25276.71294272  .0000288  00000+0  12345-3 0  9996,2 00916  16.0000  340.0000 775526 135.000  99.000 10.80372306 83009,2025-10-04T23:07:19.037541Z,-42.0858,145.4477,3.06,1047.35,7.62,0.025,https://images-assets.nasa.gov/image/PIA04220/PIA04220~small.jpg,57.7,37.0,63.9,3.39,0.78,0.77,0.02
SAT-917,917,1 00917U 20001A   25276.52644452  .0000604  00000+0  12345-3 0  9993,2 00917  31.0000  59.0000 484855 355.000  244.000 10.98949646 66389,2025-10-05T00:05:19.037558Z,-20.9886,-123.1169,2.45,849.05,7.5,0.075,https://images-assets.nasa.gov/image/PIA04220/PIA04220~small.jpg,6.4,48.3,194.5,2.64,0.79,0.34,0.27
SAT-918,918,1 00918U 20001A   25276.14839044  .0000553  00000+0  12345-3 0  9999,2 00918  90.0000  67.0000 336198 43.000  65.000 15.65097913 84273,2025-10-04T23:30:19.037576Z,9.9866,93.2505,0.27,806.44,7.35,0.068,https://images-assets.nasa.gov/image/GSFC_20171208_Archive_e001465/GSFC_20171208_Archive_e001465~small.jpg,25.3,8.9,67.9,1.08,0.67,0.62,0.75
SAT-919,919,1 00919U 20001A   25276.58396786  .0000298  00000+0  12345-3 0  9991,2 00919  26.0000  178.0000 606594 285.000  355.000 19.40679715 96789,2025-10-04T23:35:19.037593Z,-1.9853,-173.5183,3.0,792.0,7.33,0.086,https://images-assets.nasa.gov/image/PIA04220/PIA04220~small.jpg,67.6,59.0,91.6,3.77,0.31,0.14,0.49
