satellite_name,norad_id,line1,line2,timestamp
SAT-900,900,1 00900U 20001A   25276.94099447  .0000767  00000+0  12345-3 0  9997,2 00900  47.0000  71.0000 667919 107.000  71.000 8.97609585 75649,2025-10-05T00:28:26.284420Z
SAT-901,901,1 00901U 20001A   25276.31681782  .0000223  00000+0  12345-3 0  9990,2 00901  83.0000  98.0000 513919 155.000  88.000 9.12864942 48167,2025-10-04T22:50:26.284978Z
SAT-902,902,1 00902U 20001A   25276.70910534  .0000706  00000+0  12345-3 0  9994,2 00902  26.0000  240.0000 480329 90.000  305.000 9.47958828 34092,2025-10-04T23:18:26.284990Z
SAT-903,903,1 00903U 20001A   25276.73702171  .0000957  00000+0  12345-3 0  9990,2 00903  11.0000  285.0000 788092 211.000  132.000 19.15549856 16105,2025-10-04T22:55:26.285000Z
SAT-904,904,1 00904U 20001A   25276.54939035  .0000166  00000+0  12345-3 0  9992,2 00904  55.0000  237.0000 721924 281.000  271.000 3.68673455 37164,2025-10-05T00:05:26.285009Z
SAT-905,905,1 00905U 20001A   25276.73800010  .0000778  00000+0  12345-3 0  9997,2 00905  59.0000  289.0000 233754 00.000  152.000 13.19341005 98928,2025-10-04T22:42:26.285019Z
SAT-906,906,1 00906U 20001A   25276.19225958  .0000590  00000+0  12345-3 0  9991,2 00906  44.0000  178.0000 056729 137.000  224.000 16.98356185 47966,2025-10-05T00:05:26.285028Z
SAT-907,907,1 00907U 20001A   25276.55880691  .0000435  00000+0  12345-3 0  9999,2 00907  80.0000  258.0000 678673 167.000  221.000 9.95602722 14254,2025-10-05T00:00:26.285037Z
SAT-908,908,1 00908U 20001A   25276.93914596  .0000557  00000+0  12345-3 0  9992,2 00908  47.0000  155.0000 448790 98.000  292.000 19.25694425 59659,2025-10-05T00:02:26.285046Z
SAT-909,909,1 00909U 20001A   25276.75429217  .0000623  00000+0  12345-3 0  9990,2 00909  85.0000  147.0000 377983 245.000  115.000 16.28624838 18388,2025-10-04T23:28:26.285055Z
SAT-910,910,1 00910U 20001A   25276.82505172  .0000203  00000+0  12345-3 0  9993,2 00910  71.0000  339.0000 527027 242.000  327.000 10.96817421 46238,2025-10-04T23:16:26.285064Z
SAT-911,911,1 00911U 20001A   25276.23031204  .0000581  00000+0  12345-3 0  9997,2 00911  78.0000  174.0000 640231 46.000  08.000 16.78043024 61097,2025-10-04T22:54:26.285073Z
SAT-912,912,1 00912U 20001A   25276.70624958  .0000130  00000+0  12345-3 0  9992,2 00912  56.0000  260.0000 254874 334.000  199.000 8.99678453 34155,2025-10-05T00:16:26.285082Z
SAT-913,913,1 00913U 20001A   25276.29986891  .0000157  00000+0  12345-3 0  9997,2 00913  65.0000  309.0000 835523 161.000  51.000 12.29938395 49565,2025-10-04T23:43:26.285090Z
SAT-914,914,1 00914U 20001A   25276.44351302  .0000680  00000+0  12345-3 0  9999,2 00914  69.0000  40.0000 652581 49.000  168.000 11.15614363 52140,2025-10-05T00:30:26.285099Z
SAT-915,915,1 00915U 20001A   25276.55713514  .0000438  00000+0  12345-3 0  9997,2 00915  36.0000  349.0000 178557 148.000  300.000 19.92460702 91976,2025-10-04T22:50:26.285108Z
SAT-916,916,1 00916U 20001A   25276.14783873  .0000911  00000+0  12345-3 0  9991,2 00916  79.0000  351.0000 999950 301.000  195.000 17.48852065 34817,2025-10-05T00:12:26.285116Z
SAT-917,917,1 00917U 20001A   25276.11839941  .0000865  00000+0  12345-3 0  9990,2 00917  45.0000  251.0000 404396 180.000  111.000 8.80180905 95595,2025-10-04T23:58:26.285125Z
SAT-918,918,1 00918U 20001A   25276.47082129  .0000279  00000+0  12345-3 0  9999,2 00918  74.0000  308.0000 302326 199.000  164.000 0.12633629 43792,2025-10-05T00:11:26.285134Z
SAT-919,919,1 00919U 20001A   25276.16089137  .0000456  00000+0  12345-3 0  9990,2 00919  63.0000  257.0000 902424 178.000  179.000 13.58062975 56165,2025-10-04T23:25:26.285142Z
